{"UserName":"","ID":64,"machines":[{"MachineName":"Cube","ActiveSelf":true,"Vector3":{"x":0.6000000238418579,"y":0.8600000143051148,"z":7.900000095367432}},{"MachineName":"M2-Setter-0098-TY700","ActiveSelf":true,"Vector3":{"x":1.7269999980926514,"y":0.09000000357627869,"z":4.150000095367432}},{"MachineName":"M1-Inq-Bit 280000","ActiveSelf":true,"Vector3":{"x":-4.260000228881836,"y":0.0,"z":4.659999847412109}}]}