{"ID":64,"UserName":"Octirenas","Date":"6/09/2021 7:04:56 p.m.","machines":[{"MachineName":"M3-Conv009","Id":0,"ActiveSelf":true,"Vector3":{"x":3.0399999618530275,"y":0.00800000037997961,"z":5.079999923706055},"YRot":0.0},{"MachineName":"M2-Setter-0098-TY700","Id":0,"ActiveSelf":true,"Vector3":{"x":1.7269999980926514,"y":0.09000000357627869,"z":4.150000095367432},"YRot":0.0},{"MachineName":"M1-Inq-Bit 280000","Id":0,"ActiveSelf":true,"Vector3":{"x":-4.260000228881836,"y":0.0,"z":4.75},"YRot":0.0}]}